<?xml version="1.0" encoding="UTF-8"?>
<metadata xml:lang="zh"><Esri><CreaDate>20190506</CreaDate><CreaTime>16225500</CreaTime><ArcGISFormat>1.0</ArcGISFormat><SyncOnce>TRUE</SyncOnce><DataProperties><lineage><Process ToolSource="f:\arcgis\desktop10.3\ArcToolbox\Toolboxes\Data Management Tools.tbx\CalculateField" Date="20190506" Time="162255">CalculateField 省级行政区 SFID [FID] VB #</Process><Process ToolSource="f:\arcgis\desktop10.3\ArcToolbox\Toolboxes\Data Management Tools.tbx\CalculateField" Date="20190506" Time="174903">CalculateField 省级行政区 频数 [AA] VB #</Process><Process ToolSource="f:\arcgis\desktop10.3\ArcToolbox\Toolboxes\Data Management Tools.tbx\DeleteField" Date="20190513" Time="185817">DeleteField 省级行政区 Z120401;Z121301;Z120402;Z120602;Z121102;Z121302;Z120403;Z120603;Z120703;Z120803;Z121103;Z121303;Z120404;Z120604;Z120804;Z121104;Z121304;Z120405;Z120605;Z120705;Z120805;Z121105;Z121305;Z120406;Z120806;Z121106;Z121306;Z120307;Z120607;Z121107;Z120308;Z120608;Z121108;Z120609;Z120709;Z121109;Z120610;Z120711;Agro_Colle;Annual_Gro;AREA;Art_Instit;Com_Univer;Eco_Fin_Co;Female_to_;Forestry_C;GDP_1994（;GDP_1997（;GDP_1998（;GDP_1999（;GDP_2000（;Growth_in_;Growth_Rat;Han_to_Tot;HighSchool;HighScho_1;id;Illiterate;Illitera_1;Illitera_2;Illitera_3;Illitera_4;Index_1997;Index_1998;Index_1999;Index_2000;Index_Pri_;Index_Sec_;Index_Teri;Language_C;Male_to_To;Medicine_C;Nationalit;Normal_Col;PERIMETER;Physical_C;PINYIN_NAM;Polity_Law;Pop_0_14（;Pop_15_64;Pop_1990（;Pop_65Plus;Pop_Female;Pop_Han（1;Pop_Male（;Pop_Minori;Pop_Mino_1;Pop_Rural;Pop_Urban;POPU;POPU_94;POPU_PER_L;POPU_PER_1;Pri_Indust;PRODUCT;PRODUCT_1;PRODUCT_1_;PRODUCT_2;PRODUCT_2_;Product_Bu;Product_Fi;Product_Ge;Product_He;Product_In;Product_Ot;Product_re;Product_Sc;Product_se;Product_So;PROVINCE_;PROVINCE_I;Rural_to_T;Sci_Eng_Co;Sec_Indust;Teri_Indus;Total_Coll;Urban_to_T;Vocation;DZM;SFID;AA;频数</Process></lineage></DataProperties></Esri></metadata>
