<?xml version="1.0" encoding="UTF-8"?>
<metadata xml:lang="zh"><Esri><CreaDate>20190513</CreaDate><CreaTime>18572500</CreaTime><ArcGISFormat>1.0</ArcGISFormat><SyncOnce>TRUE</SyncOnce><DataProperties><lineage><Process ToolSource="f:\arcgis\desktop10.3\ArcToolbox\Toolboxes\Data Management Tools.tbx\DeleteField" Date="20190513" Time="185725">DeleteField 中国县界 COMMUNITY;FAMILIES;FAM_COU;POPU;POP_COU;POP_WORK;POP_CLAB;POP_AGRI;POWER_AGRI;FAM_TEL;PRODUCT;PRODUCT_1;PRODUCT_2;FINAINCOME;FINAOUT;DEPOSITS;BANK;CORPPRODUC;COTTONPROD;OILPRODUCT;METAPRODUC;FIRMS;FIRMS_PROD;FACILITIY;JUNIOR;ELEMENTERY;popu_per_l;BED;FINAINCO_1;SOCIAL;POPU_94;SOCIAL_BED;FINAOUT_94;PAGE;STU_PER_PO;popu10000;INDUPRODUC;popu_per_1;LIGHTPRODU;popucou_pe;stu_per__1;popwork_pe;tel_per_fa;POST_</Process></lineage></DataProperties></Esri></metadata>
